model,category,overall,p_all,p_l1,p_l2,p_l3,p_l4,c_all,c_l2,c_l3,c_l4
Human (mean of 2),human,98.3,97.8,100.0,96.9,97.7,94.6,100.0,100.0,100.0,100.0
Gemini 3.8 Flash,closed,61.2,58.4,68.8,48.7,57.8,49.0,71.5,60.3,88.3,60.6
Gemini 3.1 Pro Preview,closed,51.5,50.7,61.0,47.8,40.6,46.1,54.3,48.3,68.3,39.4
doubao-seed-pro2.1,closed,49.8,45.4,55.6,38.9,43.8,34.3,65.6,55.2,76.7,63.6
Qwen3.8 Max,closed,47.5,44.2,52.2,39.8,44.5,32.4,59.6,56.9,68.3,48.5
GPT-6 Sol,closed,46.2,44.2,57.1,41.6,32.8,35.3,53.6,51.7,58.3,48.5
Qwen3.8 Omni Flash,closed,45.6,44.3,55.1,36.3,43.8,32.4,50.3,43.1,56.7,51.5
Qwen3.5 397B-A17B,open,45.4,43.8,52.7,42.5,38.3,34.3,51.0,48.3,61.7,36.4
Qwen3.5 35B-A3B,open,39.5,38.5,45.9,34.5,35.2,32.4,43.0,41.4,50.0,33.3
Qwen3.5 122B-A10B,open,38.2,35.8,45.4,29.2,34.4,25.5,47.0,44.8,56.7,33.3
Qwen3.8 27B,open,38.1,36.7,42.4,31.0,38.3,29.4,43.0,41.4,48.3,36.4
Qwen3.8 Flash,closed,36.8,34.7,39.0,31.9,35.9,27.5,44.4,43.1,50.0,36.4
MiMo V2.6 Pro,open,35.8,33.4,39.5,30.1,33.6,24.5,44.4,41.4,51.7,36.4
Qwen3-VL 32B,open,34.5,32.5,41.0,27.4,28.9,25.5,41.7,43.1,46.7,30.3
MiMo V2.6 Flash,open,32.3,28.5,32.2,27.4,27.3,23.5,46.4,44.8,51.7,39.4
Qwen3-VL 8B,open,29.0,29.9,33.7,30.1,31.2,20.6,25.8,29.3,28.3,15.2
Qwen3-VL 235B-A22B,open,28.9,26.6,32.7,27.4,18.8,23.5,37.1,37.9,40.0,30.3
